{"cameraMode":{"drawMode":0,"name":"Shaded","section":"Shading Mode"},"sceneLighting":false,"audioPlay":false,"sceneViewState":{"showFog":true,"showMaterialUpdate":false,"showSkybox":false,"showFlares":true,"showImageEffects":true,"showParticleSystems":true},"in2DMode":false,"pivot":{"x":6.940001964569092,"y":1.5140886306762696,"z":-0.9036574363708496},"rotation":{"x":0.5910640358924866,"y":0.00604952173307538,"z":-0.004433103371411562,"w":0.8065897822380066},"size":7.693070888519287,"orthographic":false}